{
  "Aabybro": [
    57.16064,
    9.73396
  ],
  "Aalborg SV": [
    57.04626,
    9.92153
  ],
  "Agerbæk": [
    55.60109,
    8.79849
  ],
  "Birkerød": [
    55.84038,
    12.4235
  ],
  "Bjerringbro": [
    56.37106,
    9.65752
  ],
  "Bramming": [
    55.46473,
    8.70678
  ],
  "Brøndby": [
    55.64411,
    12.42171
  ],
  "Egå": [
    56.21482,
    10.20314
  ],
  "Esbjerg N": [
    55.46649,
    8.45208
  ],
  "Fredericia": [
    55.56864,
    9.66943
  ],
  "Frederikshavn": [
    57.44121,
    10.53362
  ],
  "Glostrup": [
    55.68375,
    12.41288
  ],
  "Grindsted": [
    55.75708,
    8.92776
  ],
  "Hammel": [
    56.25261,
    9.86106
  ],
  "Hedensted": [
    55.79691,
    9.78129
  ],
  "Herning": [
    56.13798,
    8.97466
  ],
  "Hillerød": [
    55.92857,
    12.30639
  ],
  "Hjørring": [
    57.45718,
    9.9856
  ],
  "Horsens": [
    55.86117,
    9.84448
  ],
  "Kastrup": [
    55.63784,
    12.638
  ],
  "København N": [
    55.68672,
    12.57007
  ],
  "København V": [
    55.68672,
    12.57007
  ],
  "Køge": [
    55.4565,
    12.1819
  ],
  "Middelfart": [
    55.447,
    9.93698
  ],
  "Næstved": [
    55.23283,
    11.76741
  ],
  "Odder": [
    55.97583,
    10.15132
  ],
  "Randers NV": [
    56.43554,
    10.0426
  ],
  "Randers SØ": [
    56.43554,
    10.0426
  ],
  "Ringkøbing": [
    56.01755,
    8.54725
  ],
  "Rødovre": [
    55.6648,
    12.45918
  ],
  "Sakskøbing": [
    54.79879,
    11.63414
  ],
  "Silkeborg": [
    56.16945,
    9.54951
  ],
  "Skanderborg": [
    56.03519,
    9.93179
  ],
  "Skovlunde": [
    55.72306,
    12.40271
  ],
  "Skærbæk": [
    55.15703,
    8.76574
  ],
  "Spjald": [
    56.12761,
    8.50692
  ],
  "Stenløse": [
    55.76828,
    12.19855
  ],
  "Stoholm Jyll": [
    56.48513,
    9.14584
  ],
  "Søborg": [
    55.73647,
    12.50887
  ],
  "Sønderborg": [
    54.90892,
    9.7898
  ],
  "Søndersø": [
    55.48406,
    10.25533
  ],
  "Taastrup": [
    55.65249,
    12.30209
  ],
  "Tarm": [
    55.91,
    8.52044
  ],
  "Tønder": [
    54.93447,
    8.87291
  ],
  "Tørring": [
    55.84996,
    9.4838
  ],
  "Valby": [
    55.66378,
    12.51359
  ],
  "Varde": [
    55.66299,
    8.50966
  ],
  "Viborg": [
    56.44691,
    9.40594
  ],
  "Viby J": [
    56.12903,
    10.16243
  ],
  "Øster Assels": [
    56.702,
    8.69524
  ]
}